Feature,Importance
favorite,0.11565907
sweetened_behavior,0.084885
brew_pour_over,0.06907044
expertise,0.055960346
gender,0.05489617
most_willing,0.05484488
adds_syrup,0.051852725
brew_instant_coffee,0.05146826
coffee_maturity,0.04903149
adds_milk,0.048046134
strength,0.047708537
premium_index,0.046926897
age,0.04678762
adds_sugar,0.045929376
brew_pod/capsule,0.045867708
brew_espresso,0.045113
brew_french_press,0.04401263
caffeine,0.041939743
cups,0.0
brew_aeropress,0.0
brew_drip_coffee,0.0
adds_sweetener,0.0
adds_creamer,0.0
expert_intensity,0.0
